title,slug,summary,published_date,category,url,img
10 Essential but Often Neglected Cleaning Spots,10-essential-but-often-neglected-cleaning-spots,Discover 10 often-missed cleaning spots in your home for a sparkling clean space. Trust Sendhelper Home Services in Singapore for expert help!,2024-03-14,Home Tips,https://www.sendhelper.com/blog/10-essential-but-often-neglected-cleaning-spots,https://images.unsplash.com/photo-1581578735766-7923e2f7e404?ixlib=rb-4.0.3&auto=format&fit=crop&w=800&q=80
Window Blind Cleaning Tips: How to Clean Different Types of Blinds at Home,window-blind-cleaning-tips,"Are you in the habit of cleaning window blinds only when the dust gets too much? If so, read about window blind cleaning tips for a dust-free home.",2024-07-16,Home Tips,https://www.sendhelper.com/blog/window-blind-cleaning-tips,https://images.unsplash.com/photo-1600585154340-be6161a56a0c?ixlib=rb-4.0.3&auto=format&fit=crop&w=800&q=80
"Yoga Mat Care: How to Clean, Dry and Store Your Yoga Mat at Home?",yoga-mat-care-tips,"Is your yoga mat clean? Are you aware of yoga mat care tips? If not, donâ€™t worry, here are some tips on how to take care of yoga mats.",2022-06-21,Home Tips,https://www.sendhelper.com/blog/yoga-mat-care-tips,https://images.unsplash.com/photo-1601925265298-b28b9b06ebed?ixlib=rb-4.0.3&auto=format&fit=crop&w=800&q=80
Why You Should Be Hiring a Professional Cleaning Service,why-you-should-be-hiring-a-professional-cleaning-service,Hiring professional cleaning service in Singapore has many benefits. Professional cleaners keep your home and premises neat and tidy.,2015-04-24,Blog,https://www.sendhelper.com/blog/why-you-should-be-hiring-a-professional-cleaning-service,https://images.unsplash.com/photo-1556911220-bff31c812dba?ixlib=rb-4.0.3&auto=format&fit=crop&w=800&q=80
Your Guide to Choosing a Professional Cleaning Agency,your-guide-to-choosing-a-professional-cleaning-agency,Are you considering to seek help from a cleaning agency in Singapore? Find out everything you need to know before choosing the best agency.,2015-04-30,Home Tips,https://www.sendhelper.com/blog/your-guide-to-choosing-a-professional-cleaning-agency,https://images.unsplash.com/photo-1581578735766-7923e2f7e404?ixlib=rb-4.0.3&auto=format&fit=crop&w=800&q=80
10 Interesting Facts about IKEA,10-interesting-facts-about-ikea,Learn fascinating facts about IKEA and get tips for assembling their furniture with ease using Sendhelper's handyman services.,2018-10-24,Blog,https://www.sendhelper.com/blog/10-interesting-facts-about-ikea,https://images.unsplash.com/photo-1556912173-3bb406ef7e77?ixlib=rb-4.0.3&auto=format&fit=crop&w=800&q=80
Your Phone Can Now Fix Leaks Too!,your-phone-can-now-fix-leaks-too,"Discover simple ways to fix home leaks and save water, with advice on reducing water pressure and booking plumbers via Sendhelper.",2018-10-18,Home Projects & DIY,https://www.sendhelper.com/blog/your-phone-can-now-fix-leaks-too,https://images.unsplash.com/photo-1584536289951-3e3971de9ec8?ixlib=rb-4.0.3&auto=format&fit=crop&w=800&q=80
Why is Singapore Breaking Temperature Records This Summer?,why-is-singapore-breaking-temperature-records-this-summer,Understand Singapore's rising temperatures and learn how to keep your home cool with aircon servicing and energy-efficient practices.,2024-05-21,Singapore Living,https://www.sendhelper.com/blog/why-is-singapore-breaking-temperature-records-this-summer,https://images.unsplash.com/photo-1600585154340-be6161a56a0c?ixlib=rb-4.0.3&auto=format&fit=crop&w=800&q=80
How to Clean Ceiling Fans,how-to-clean-ceiling-fans,Keep your ceiling fans dust-free with this step-by-step guide to improve air quality and maintain a clean home.,2024-01-15,Home Tips,https://www.sendhelper.com/blog/how-to-clean-ceiling-fans,https://images.unsplash.com/photo-1600585154340-be6161a56a0c?ixlib=rb-4.0.3&auto=format&fit=crop&w=800&q=80
How to Clean a Refrigerator,how-to-clean-a-refrigerator,Learn how to clean inside and behind your refrigerator to remove food particles and dust for a hygienic kitchen.,2024-02-10,Home Tips,https://www.sendhelper.com/blog/how-to-clean-a-refrigerator,https://images.unsplash.com/photo-1586201375761-83865001e31c?ixlib=rb-4.0.3&auto=format&fit=crop&w=800&q=80
Indoor Gardening in Singapore,indoor-gardening-in-singapore,Explore tips for creating a sustainable indoor garden in Singapore to enhance your home's air quality and aesthetics.,2024-03-20,Home Tips,https://www.sendhelper.com/blog/indoor-gardening-in-singapore,https://images.unsplash.com/photo-1517502166878-35c6a00741be?ixlib=rb-4.0.3&auto=format&fit=crop&w=800&q=80
Aircon Servicing: 4 Ways to Extend AC Lifespan,aircon-servicing-4-ways-to-extend-ac-lifespan,"Discover four practical ways to maintain your air conditioner, ensuring it runs efficiently and lasts longer.",2024-04-05,Home Tips,https://www.sendhelper.com/blog/aircon-servicing-4-ways-to-extend-ac-lifespan,https://images.unsplash.com/photo-1622012798636-8b0e531b6b1f?ixlib=rb-4.0.3&auto=format&fit=crop&w=800&q=80
How to Organize Your Home for Better Airflow,how-to-organize-your-home-for-better-airflow,Improve your home's ventilation with these organization tips to stay cool and reduce reliance on air conditioning.,2024-06-01,Home Tips,https://www.sendhelper.com/blog/how-to-organize-your-home-for-better-airflow,https://images.unsplash.com/photo-1600585154340-be6161a56a0c?ixlib=rb-4.0.3&auto=format&fit=crop&w=800&q=80
DIY Furniture Assembly Tips,diy-furniture-assembly-tips,"Master furniture assembly with these DIY tips, inspired by IKEA's flat-pack designs, for a stress-free setup.",2023-11-10,Home Projects & DIY,https://www.sendhelper.com/blog/diy-furniture-assembly-tips,https://images.unsplash.com/photo-1556912173-3bb406ef7e77?ixlib=rb-4.0.3&auto=format&fit=crop&w=800&q=80
Maintaining a Pest-Free Home,maintaining-a-pest-free-home,"Learn effective strategies to keep pests out of your home, including cleaning tips and professional pest control options.",2023-12-15,Home Tips,https://www.sendhelper.com/blog/maintaining-a-pest-free-home,https://images.unsplash.com/photo-1593085512500-5d55148d6f0d?ixlib=rb-4.0.3&auto=format&fit=crop&w=800&q=80
